epoch,time,train/box_loss,train/cls_loss,train/dfl_loss,metrics/precision(B),metrics/recall(B),metrics/mAP50(B),metrics/mAP50-95(B),val/box_loss,val/cls_loss,val/dfl_loss,lr/pg0,lr/pg1,lr/pg2
1,160.129,1.54215,2.18202,1.13897,0.00724,0.92308,0.44308,0.20357,1.55084,3.15309,1.1248,0.000655172,0.000655172,0.000655172
2,379.375,1.47717,1.51352,1.13811,0.64802,0.4304,0.49908,0.2445,1.67156,2.12818,1.30246,0.00130875,0.00130875,0.00130875
